KPI,n,media,IC95_lo,IC95_hi,std,paper,desv_pct
untreated,200,51.135,50.25169566573311,52.01830433426689,6.373372291954966,51.58,-0.8627374951531607
treated,200,16.0,15.450525038178862,16.54947496182114,3.964668077509657,15.9,0.6289308176100606
adultAdmit,200,33.24,32.46525879230903,34.014741207690975,5.590048587989231,33.32,-0.24009603841536103
childAdmit,200,2.105,1.904425468933459,2.305574531066541,1.4472205209230915,2.1,0.238095238095233
