KPI,n,media,IC95_lo,IC95_hi,std,paper,desv_pct,min,max
untreated,21,52.80952380952381,50.25178174972879,55.36726586931883,5.980125814889246,51.58,2.3837220037297633,43,63
treated,21,15.19047619047619,13.246317989323025,17.134634391629355,4.545536795792634,15.9,-4.462413896376167,8,24
adultAdmit,21,33.666666666666664,30.997920810567877,36.33541252276545,6.239658110292049,33.32,1.0404161664665788,25,42
childAdmit,21,1.9523809523809523,1.3403533567794321,2.5644085479824725,1.4309504001254019,2.1,-7.029478458049893,0,5
