pi,flujo_d30,paper,desv_pct
0.02,1825.42,1800,1.4122222222222263
0.03,2849.17,3500,-18.595142857142854
0.04,4392.91,5200,-15.520961538461542
0.05,6459.94,7000,-7.7151428571428635
0.06,8833.87,8800,0.38488636363637274
