KPI,media,hist,desv_pct
arrive,185.54112554112555,68.867,169.41949778722108
triage,1.619047619047619,8.133,-80.09286094863373
untreated,2.4004329004329006,5.0,-51.99134199134198
waitAvg,0.014966666666666665,6.433,-99.7673454583139
discharge,15.19047619047619,72.3,-78.9896594875848
